{
  "version": "v1.0",
  "best_model": "lightgbm",
  "validation_metrics": {
    "logistic_regression": {
      "auc": 0.7953956228956228,
      "f1": 0.4351851851851852,
      "precision": 0.8641208791208792,
      "recall": 0.8373333333333334,
      "accuracy": 0.8373333333333334,
      "true_negative": 1162,
      "false_positive": 158,
      "false_negative": 86,
      "true_positive": 94,
      "sensitivity": 0.5222222222222223,
      "specificity": 0.8803030303030303,
      "pr_auc": 0.418249517516846,
      "optimal_threshold": 0.5031805679347622,
      "precision_at_optimal": 0.39823008849557523,
      "recall_at_optimal": 0.5,
      "f1_at_optimal": 0.4433497536945813,
      "precision_0": 0.9310897435897436,
      "recall_0": 0.8803030303030303,
      "f1_0": 0.9049844236760125,
      "support_0": 1320,
      "precision_1": 0.373015873015873,
      "recall_1": 0.5222222222222223,
      "f1_1": 0.4351851851851852,
      "support_1": 180,
      "cv_auc_mean": 0.8775259229400415,
      "cv_auc_std": 0.013586188311915336
    },
    "random_forest": {
      "auc": 0.7797390572390573,
      "f1": 0.23728813559322035,
      "precision": 0.8473684210526315,
      "recall": 0.88,
      "accuracy": 0.88,
      "true_negative": 1292,
      "false_positive": 28,
      "false_negative": 152,
      "true_positive": 28,
      "sensitivity": 0.15555555555555556,
      "specificity": 0.9787878787878788,
      "pr_auc": 0.3562846969424918,
      "optimal_threshold": 0.3416364486767505,
      "precision_at_optimal": 0.357429718875502,
      "recall_at_optimal": 0.49444444444444446,
      "f1_at_optimal": 0.41491841491841497,
      "precision_0": 0.8947368421052632,
      "recall_0": 0.9787878787878788,
      "f1_0": 0.934876989869754,
      "support_0": 1320,
      "precision_1": 0.5,
      "recall_1": 0.15555555555555556,
      "f1_1": 0.23728813559322035,
      "support_1": 180,
      "cv_auc_mean": 0.9824405507812094,
      "cv_auc_std": 0.024187484648596033
    },
    "xgboost": {
      "auc": 0.8004797979797981,
      "f1": 0.3671875,
      "precision": 0.8720195150798343,
      "recall": 0.892,
      "accuracy": 0.892,
      "true_negative": 1291,
      "false_positive": 29,
      "false_negative": 133,
      "true_positive": 47,
      "sensitivity": 0.2611111111111111,
      "specificity": 0.978030303030303,
      "pr_auc": 0.4334636281996776,
      "optimal_threshold": 0.11739057302474976,
      "precision_at_optimal": 0.3581081081081081,
      "recall_at_optimal": 0.5888888888888889,
      "f1_at_optimal": 0.4453781512605042,
      "precision_0": 0.9066011235955056,
      "recall_0": 0.978030303030303,
      "f1_0": 0.9409620991253644,
      "support_0": 1320,
      "precision_1": 0.618421052631579,
      "recall_1": 0.2611111111111111,
      "f1_1": 0.3671875,
      "support_1": 180,
      "cv_auc_mean": 0.9814523125684671,
      "cv_auc_std": 0.026140493122548465
    },
    "lightgbm": {
      "auc": 0.8073274410774411,
      "f1": 0.352,
      "precision": 0.8717362637362638,
      "recall": 0.892,
      "accuracy": 0.892,
      "true_negative": 1294,
      "false_positive": 26,
      "false_negative": 136,
      "true_positive": 44,
      "sensitivity": 0.24444444444444444,
      "specificity": 0.9803030303030303,
      "pr_auc": 0.44076362286856263,
      "optimal_threshold": 0.3248178864607552,
      "precision_at_optimal": 0.5583333333333333,
      "recall_at_optimal": 0.37222222222222223,
      "f1_at_optimal": 0.44666666666666666,
      "precision_0": 0.9048951048951049,
      "recall_0": 0.9803030303030303,
      "f1_0": 0.9410909090909091,
      "support_0": 1320,
      "precision_1": 0.6285714285714286,
      "recall_1": 0.24444444444444444,
      "f1_1": 0.352,
      "support_1": 180,
      "cv_auc_mean": 0.981455384802638,
      "cv_auc_std": 0.026042725057256595
    }
  },
  "test_metrics": {
    "auc": 0.8131018518518518,
    "f1": 0.39344262295081966,
    "precision": 0.8608,
    "recall": 0.8766666666666667,
    "accuracy": 0.8766666666666667,
    "true_negative": 1255,
    "false_positive": 65,
    "false_negative": 120,
    "true_positive": 60,
    "sensitivity": 0.3333333333333333,
    "specificity": 0.9507575757575758,
    "pr_auc": 0.41737938062042046,
    "optimal_threshold": 0.13553025789278647,
    "precision_at_optimal": 0.36879432624113473,
    "recall_at_optimal": 0.5777777777777777,
    "f1_at_optimal": 0.4502164502164502,
    "precision_0": 0.9127272727272727,
    "recall_0": 0.9507575757575758,
    "f1_0": 0.9313543599257885,
    "support_0": 1320,
    "precision_1": 0.48,
    "recall_1": 0.3333333333333333,
    "f1_1": 0.39344262295081966,
    "support_1": 180,
    "threshold_used": 0.3248178864607552,
    "default_threshold_metrics": {
      "f1": 0.3020408163265306,
      "precision": 0.8606143125167516,
      "recall": 0.886,
      "accuracy": 0.886
    },
    "confusion_matrix": [
      [
        1255,
        65
      ],
      [
        120,
        60
      ]
    ]
  },
  "training_info": {
    "timestamp": "2025-10-25T01:23:38.856323",
    "feature_count": 88,
    "random_state": 42,
    "original_data_shapes": {
      "train": [
        7000,
        91
      ],
      "val": [
        1500,
        91
      ],
      "test": [
        1500,
        91
      ]
    },
    "smote_used": true,
    "models_available": {
      "xgboost": true,
      "lightgbm": true,
      "smote": true
    }
  }
}